property_ID,web_URL,address,room1,room2,room3,area,kind,price,bond,date,company,Lat,Lng,area_meter_square,price_cleaned,Alarm system,Courtyard,Balcony,Toilets,Secure parking,Split-system heating,Floorboards,Outdoor entertaining area,Ducted heating,Fully fenced,Rumpus room,Smoking permitted,Show fewer,Reverse-cycle air con,Intercom,non_property_feature,Remote garage,Outdoor spa,Water tank,Land size,Swimming pool - in-ground,Split-system air con,Air conditioning,Ducted cooling,Pay TV access,Ensuites,Solar panels,Gas heating,Living areas,Dishwasher,Gym,Carport spaces,Built-in wardrobes,Energy efficiency rating,Swimming pool - above ground,Workshop,Building size,Open car spaces,Open fireplace,Garage spaces,Furnished,Broadband,Pets allowed,Study,Deck
0,https://www.realestate.com.au/property-apartment-qld-brisbane+city-431252442,"3036/3 Parkland Boulevard, Brisbane City, Qld 4000",3.0,2.0,1.0,129.0,Apartment,$650 per week,2600,,Parklands Apartments,-27.46424082,153.01829887,129.0,650,,,yes, 2,yes,,,yes,,,,,yes,,,,yes,,,,yes,yes,yes,,yes, 1,,,,yes,yes,,yes,,,, 129m²,,, 1,,yes,,yes,
1,https://www.realestate.com.au/property-apartment-qld-spring+hill-431238850,"130/51  Hope St, Spring Hill, Qld 4000",2.0,1.0,1.0,,Apartment,$480 per week,,,Sungrass Property Group,-27.46149088,153.02520632,,480,,,yes, 1,yes,,,,,,,,yes,,,,yes,,,,yes,,yes,,yes,,,,,yes,yes,,yes,,,,,,, 1,yes,yes,,,
2,https://www.realestate.com.au/property-apartment-qld-south+bank-430781662,"30/15 Tribune Street, South Bank, Qld 4101",2.0,2.0,1.0,,Apartment,$575/week,2300,,Property Services QLD - .,-27.48086647,153.0236519,,575,,,yes,,yes,,,,,,,,yes,,yes,,yes,,,,,,yes,,, 1,,,,yes,,,yes,,,,,,, 1,,,,,
3,https://www.realestate.com.au/property-apartment-qld-south+brisbane-428814338,"FURNISHED 2 bedroom/8 Cordelia St,, South Brisbane, Qld 4101",2.0,2.0,1.0,,Apartment,$480 per week,1920,,Sungrass Property Group,-27.47339965,153.0143551,,480,,yes,yes, 2,yes,yes,,yes,,,,,yes,,yes,,yes,yes,,,yes,yes,,,yes, 1,,, 1,yes,,,yes,,,,,,, 1,yes,yes,,yes,
4,https://www.realestate.com.au/property-apartment-qld-south+brisbane-431250562,"1B/25  Bouquet Street, South Brisbane, Qld 4101",1.0,1.0,1.0,137.0,Apartment,$415 per week,1660,,Canwealth Group - AUSTRALIA,-27.47132995,153.01304639,137.0,415,,,yes, 1,,,,,,,,,yes,,yes,,,,,,yes,,yes,yes,,,,,,yes,,,yes,,,,,,, 1,,yes,,,
5,https://www.realestate.com.au/property-apartment-qld-brisbane+city-428692370,"2602/151 George Street, Brisbane City, Qld 4000",2.0,2.0,1.0,,Apartment,$580 per week,2320,,Ray White Brisbane City - Brisbane,-27.47197717,153.02494389,,580,,,,,,,,,,,,,,,,1.0,,,,,,,,,,,,,,,,,,,,,,,,,,,,,
6,https://www.realestate.com.au/property-apartment-qld-south+brisbane-431248926,"2B/22-28 Merivale Street, South Brisbane, Qld 4101",2.0,2.0,1.0,137.0,Apartment,$530 per week,2120,,Canwealth Group - AUSTRALIA,-27.47453325,153.01568655,137.0,530,,,yes, 2,,,,yes,,,,,yes,,yes,,,yes,,,yes,yes,,yes,, 1,,,,yes,yes,,yes,,,,,,, 1,,yes,,,
7,https://www.realestate.com.au/property-apartment-qld-brisbane+city-424131618,"1203/151 GEORGE STREET, Brisbane City, Qld 4000",2.0,2.0,1.0,,Apartment,$540 per week,2160,,Ray White Brisbane City - Brisbane,-27.471978000000004,153.02494199999998,,540,,,,,,,,,,,,,,,,1.0,,,,,,,,,,,,,,,,,,,,,,,,,,,,,
8,https://www.realestate.com.au/property-unit-qld-new+farm-431247790,"61/135 Macquarie Street, New Farm, Qld 4005",2.0,2.0,1.0,117.0,Unit,$650 per week,2600,,Odyssey Property Concierge - New Farm,-27.45626011,153.0505378,117.0,650,,,yes, 2,yes,,,yes,,,,,yes,yes,yes,,,,,,yes,yes,,,, 1,,, 1,yes,,,yes,,,, 117m²,,, 1,,,yes,,yes
9,https://www.realestate.com.au/property-unit-qld-west+end-429048230,"1/69 Orleigh Street, West End, Qld 4101",2.0,1.0,1.0,,Unit,$450 per week,1800,,Harcourts Property Centre -,-27.48926204,152.99996079,,450,,,,,,,,,,,,,,,,1.0,,,,,,,,,,,,,,,,,,,,,,,,,,,,,
10,https://www.realestate.com.au/property-unit-qld-bowen+hills-431001658,"37 Mayne Road, Bowen Hills, Qld 4006",1.0,1.0,,85.0,Unit,2 WEEKS RENT FREE- From $350 per week,1420,,,-27.44667436,153.0362943,85.0,350,,,,,,,,,,,,,,,,1.0,,,,,,,,,,,,,,,,,,,,,,,,,,,,,
11,https://www.realestate.com.au/property-unit-qld-bowen+hills-430001754,"37 Mayne Road, Bowen Hills, Qld 4006",2.0,2.0,1.0,85.0,Unit,2 WEEKS RENT FREE- from $470 per week,1960,,,-27.44667436,153.0362943,85.0,470,,,yes,,yes,,,yes,yes,,,,yes,,yes,,,,,,yes,,yes,yes,,,,,,yes,yes,,yes,,,, 85m²,,, 1,,yes,yes,,
12,https://www.realestate.com.au/property-unit-qld-kangaroo+point-431355886,"2/18 Duke Street, Kangaroo Point, Qld 4169",1.0,1.0,1.0,,Unit,$475pwk - 1bed1bath Fully Furnished,1900,,JLL - Residential,-27.4843537,153.03757224,63.0,475,,yes,yes, 1,,,yes,yes,yes,yes,,,yes,,yes,,,,, 63m²,,,yes,yes,yes, 1,,,,yes,yes,,yes,,,,,,, 1,yes,yes,,yes,yes
13,https://www.realestate.com.au/property-unit-qld-kangaroo+point-431355878,"3/18  Duke Street, Kangaroo Point, Qld 4169",2.0,2.0,1.0,,Unit,$545pwk - 2Bed2Bath,2180,,JLL - Residential,-27.4843537,153.03757224,89.0,545,,,yes, 1,,,yes,yes,yes,,,,yes,,yes,,,,, 89m²,,,yes,yes,yes, 1,,,,yes,yes,,yes,,yes,,,,, 1,,yes,,yes,yes
14,https://www.realestate.com.au/property-apartment-qld-newstead-431355474,"20602/37 Kyabra, Newstead, Qld 4006",1.0,1.0,1.0,,Apartment,$400 Per week,1600,,Ray White Inner Brisbane Apartments - BRISBANE CITY,-27.45144812,153.04333938,,400,,,,,,,,,,,,,,,,1.0,,,,,,,,,,,,,,,,,,,,,,,,,,,,,
15,https://www.realestate.com.au/property-apartment-qld-brisbane+city-429512590,"17/460 Ann Street, Brisbane City, Qld 4000",1.0,1.0,,,Apartment,$335 Per Week,1340,,Ray White Inner Brisbane Apartments - BRISBANE CITY,-27.46244843,153.030622,,335,,,,,,,,,,,,,,,,1.0,,,,,,,,,,,,,,,,,,,,,,,,,,,,,
16,https://www.realestate.com.au/property-apartment-qld-brisbane+city-431118810,"809/550 Queen Street, Brisbane City, Qld 4000",2.0,2.0,1.0,,Apartment,$550 Per Week,2200,,Ray White Inner Brisbane Apartments - BRISBANE CITY,-27.46306775,153.0308632,,550,,,,,,,,,,,,,,,,1.0,,,,,,,,,,,,,,,,,,,,,,,,,,,,,
17,https://www.realestate.com.au/property-apartment-qld-brisbane+city-431118806,"2306/222 Margaret Street, Brisbane City, Qld 4000",2.0,1.0,,,Apartment,$460 Per Week,1840,,Ray White Inner Brisbane Apartments - BRISBANE CITY,-27.47168534,153.02874429,,460,,,,,,,,,,,,,,,,1.0,,,,,,,,,,,,,,,,,,,,,,,,,,,,,
18,https://www.realestate.com.au/property-unit-qld-new+farm-423844974,"7/63 Moray Street, New Farm, Qld 4005",1.0,1.0,,,Unit,$410 per week,1640,,Living Here Cush Partners - TENERIFFE,-27.465815000000003,153.040287,,410,,,,,,,,,,,,,,,,1.0,,,,,,,,,,,,,,,,,,,,,,,,,,,,,
19,https://www.realestate.com.au/property-apartment-qld-newstead-431243806,"602/977 Ann Street, Newstead, Qld 4006",1.0,1.0,1.0,,Apartment,$450 per week,,,The Aurora - Inner Brisbane Team,-27.45319014,153.0406186,,450,yes,,,,yes,,,,yes,,,,yes,,yes,,,,,,yes,,yes,yes,yes,,,yes,,yes,yes,,yes,,,,, 1,,,,yes,,yes,
20,https://www.realestate.com.au/property-apartment-qld-new+farm-421396754,"4/158 Kent Street, New Farm, Qld 4005",2.0,1.0,1.0,,Apartment,$350 per week,1400,,Living Here Cush Partners - TENERIFFE,-27.460196000000003,153.041368,,350,,,,,,,,,,,,,,,,1.0,,,,,,,,,,,,,,,,,,,,,,,,,,,,,
21,https://www.realestate.com.au/property-unit-qld-new+farm-431244034,"3/153 Harcourt Street, New Farm, Qld 4005",1.0,1.0,,,Unit,$290 per week,1160,,Image Property - Brisbane Southside,-27.46006388,153.0408188,,290,,,,,,,,,,,,,,,,1.0,,,,,,,,,,,,,,,,,,,,,,,,,,,,,
22,https://www.realestate.com.au/property-apartment-qld-brisbane+city-430963302,"701/501 Adelaide Street, Brisbane City, Qld 4000",1.0,1.0,,,Apartment,$375 - Unfurnished,1500,,Christo Real Estate  - Greenslopes,-27.46233675,153.03256837,,375,,,,,,,,,,,,,,,,1.0,,,,,,,,,,,,,,,,,,,,,,,,,,,,,
23,https://www.realestate.com.au/property-apartment-qld-spring+hill-431243754,"309/51 Hope St, Spring Hill, Qld 4000",1.0,1.0,1.0,,Apartment,$440 per week,,,Sungrass Property Group,-27.46149088,153.02520632,,440,,,yes, 1,yes,,,,,,,,yes,,yes,,yes,,,,yes,,yes,,yes,,,,,yes,yes,,yes,,,,,,, 1,yes,yes,,,
24,https://www.realestate.com.au/property-unit-qld-south+brisbane-431243782,"806/35 Tribune Street, South Brisbane, Qld 4101",2.0,2.0,1.0,,Unit,Contact Agent,2640,,Aurora Realty Brisbane,-27.48170175,153.02269381,,,,,yes,,yes,,yes,yes,yes,,,,yes,,yes,,,,,,,,yes,,,,,,,yes,yes,,yes,,,,,,, 1,,yes,yes,,
25,https://www.realestate.com.au/property-apartment-qld-newstead-430952378,"1307/977 Ann Street, Newstead, Qld 4006",1.0,1.0,1.0,,Apartment,Spacious 1bed Apartment  | from $395,,,The Aurora - Inner Brisbane Team,-27.45319014,153.0406186,,395,yes,,,,yes,,,yes,yes,,,,yes,,yes,,,,,,,,,yes,yes,,,yes,,yes,yes,,yes,,yes,,, 1,,,,,,yes,
26,https://www.realestate.com.au/property-apartment-qld-west+end-431243198,"R406/60 Rogers Street, West End, Qld 4101",1.0,1.0,1.0,,Apartment,$415 per week,1660,,JLL - Residential,-27.48462884,153.00055215,,415,,,yes, 1,yes,,,yes,,,,,yes,yes,yes,,yes,,,,yes,yes,yes,,,,,,,yes,yes,,yes,,,,,,, 1,,yes,,,
27,https://www.realestate.com.au/property-apartment-qld-kangaroo+point-430757890,"85 Deakin St,, Kangaroo Point, Qld 4169",1.0,1.0,1.0,,Apartment,$380 per week,1520,,Kangaroo Point Residential - KANGAROO POINT,-27.468928100000003,153.0364824,,380,,,yes,,yes,,,,,,,,yes,,,,,,,,yes,,yes,,,,,,,,,,yes,,,,,,, 1,yes,,,,
28,https://www.realestate.com.au/property-apartment-qld-south+brisbane-431241482,"26/19 Hope Street, South Brisbane, Qld 4101",2.0,2.0,2.0,,Apartment,$780 per week,3120,,Song Properties,-27.47186628,153.01601823,,780,,,yes,,yes,,,yes,yes,,,,yes,,yes,,yes,,,,yes,,yes,yes,yes, 2,,,,yes,yes, 2,yes,,,,,,,,,yes,yes,yes,
29,https://www.realestate.com.au/property-apartment-qld-brisbane+city-429943982,"5904/501 Adelaide Street, Brisbane City, Qld 4000",2.0,2.0,1.0,,Apartment,$625 Per Week,2500,,Ray White Inner Brisbane Apartments - BRISBANE CITY,-27.46233675,153.03256837,,625,,,,,,,,,,,,,,,,1.0,,,,,,,,,,,,,,,,,,,,,,,,,,,,,
30,https://www.realestate.com.au/property-apartment-qld-fortitude+valley-431351282,"911/977 Ann Street, Fortitude Valley, Qld 4006",1.0,1.0,1.0,,Apartment,$390 per week,,,The Aurora - Inner Brisbane Team,-27.45319014,153.0406186,,390,yes,,,,yes,,,yes,yes,,,,yes,,yes,,,,,,,,yes,yes,yes,,,,,yes,yes,,yes,,yes,,, 1,,,,yes,,,
31,https://www.realestate.com.au/property-unit-qld-new+farm-429920846,"9/417 Bowen Terrace, New Farm, Qld 4005",1.0,1.0,2.0,,Unit,$325 per week,1300,,Real Property Management Australia - South Brisbane,-27.46646536,153.04263833,,325,,,yes, 1,,,,,,,,,yes,,,,,,,,,,yes,,,,,,,,, 2,yes,,,,,,,,,,,,
32,https://www.realestate.com.au/property-studio-qld-fortitude+valley-427020746,"30 Costin St, Fortitude Valley, Qld 4006",1.0,1.0,,,Studio,$220 per week,880,,Ray White - West End,-27.45265729,153.03195194,,220,,,,,,,,,,,,,,,,1.0,,,,,,,,,,,,,,,,,,,,,,,,,,,,,
33,https://www.realestate.com.au/property-apartment-qld-brisbane+city-431240606,"7605/222 Margaret Street, Brisbane City, Qld 4000",3.0,2.0,2.0,,Apartment,$900 per week,3600,,McGrath Estate Agents - Paddington,-27.47168534,153.02874429,,900,,,,,,,,,,,,,yes,,yes,,,,,,,,yes,,,,,,,yes,yes, 2,yes,,,,,,,,,,,,
34,https://www.realestate.com.au/property-apartment-qld-kangaroo+point-431350890,"132 River Terrace, Kangaroo Point, Qld 4169",2.0,1.0,1.0,,Apartment,$400 per week,1600,,Kangaroo Point Residential - KANGAROO POINT,-27.47959535,153.03426935,,400,,,yes, 1,,,,,,,,,yes,,,,,,,,,,yes,,,,,,,,,,yes,,,,,,, 1,,,,,
35,https://www.realestate.com.au/property-apartment-qld-south+brisbane-430351682,"503/43a Peel Street, South Brisbane, Qld 4101",2.0,2.0,1.0,,Apartment,$550 Per Week,2200,,Ray White Inner Brisbane Apartments - BRISBANE CITY,-27.4731717,153.01490808,,550,,,yes,,yes,,,,,,,,yes,,,,,,,,,,yes,,,,,,,,,,,,,,,,, 1,yes,,,,
36,https://www.realestate.com.au/property-apartment-qld-kangaroo+point-431350818,"44 Ferry St, Kangaroo Point, Qld 4169",1.0,1.0,1.0,,Apartment,$395 per week,1580,,Kangaroo Point Residential - KANGAROO POINT,-27.472103499999996,153.03807073,,395,,,yes,,yes,,,,,,,,yes,,,,,,,,yes,,yes,,,,,,,,,,yes,,,,,,, 1,,,,,
37,https://www.realestate.com.au/property-apartment-qld-brisbane+city-431240134,"1702/222 Margaret Street, Brisbane City, Qld 4000",2.0,1.0,,,Apartment,$460 Per Week,1840,,Ray White Inner Brisbane Apartments - BRISBANE CITY,-27.47168534,153.02874429,,460,,,,,,,,,,,,,,,,1.0,,,,,,,,,,,,,,,,,,,,,,,,,,,,,
38,https://www.realestate.com.au/property-apartment-qld-kangaroo+point-431350718,"15 Goodwin Street, Kangaroo Point, Qld 4169",1.0,1.0,1.0,,Apartment,$400 per week,1600,,Kangaroo Point Residential - KANGAROO POINT,-27.46958255,153.03692123,,400,,,yes,,yes,,,,,,,,yes,,,,,,,,yes,,yes,,,,,,,,,,yes,,,,,,, 1,,,,,
39,https://www.realestate.com.au/property-house-qld-spring+hill-422487270,"47 Wedd Street, Spring Hill, Qld 4000",4.0,1.0,,,House,$580 per week,2320,,Living Here Cush Partners - TENERIFFE,-27.459296999999996,153.022518,,580,,,,,,,,,,,,,,,,1.0,,,,,,,,,,,,,,,,,,,,,,,,,,,,,
40,https://www.realestate.com.au/property-house-qld-brisbane+city-430834582,"462/30 Macrossan Street, Brisbane City, Qld 4000",5.0,4.0,3.0,,House,$2800,11200,,Living Here Cush Partners - TENERIFFE,-27.46269222,153.03290266,,2800,yes,,,,yes,,,,,,,,yes,,,,,,,,,,yes,,,,,,,,,,,,,,,,, 3,yes,,,,
41,https://www.realestate.com.au/property-house-qld-west+end-431348146,"75 Gray Road, West End, Qld 4101",2.0,1.0,,,House,$560 per week,2240,,Ray White Brisbane City - Brisbane,-27.48842149,153.00470022,,560,,,,,,,,,,,,,,,,1.0,,,,,,,,,,,,,,,,,,,,,,,,,,,,,
42,https://www.realestate.com.au/property-house-qld-kangaroo+point-431233426,"132 River Terrace,., Kangaroo Point, Qld 4169",2.0,1.0,1.0,,House,$375 per week,1500,,Kangaroo Point Residential - KANGAROO POINT,-27.47959535,153.03426935,,375,,,,,,,,,,,,,,,,1.0,,,,,,,,,,,,,,,,,,,,,,,,,,,,,
43,https://www.realestate.com.au/property-house-qld-south+brisbane-431220846,"133 Stephens Road, South Brisbane, Qld 4101",3.0,2.0,2.0,,House,$850.00 per week,3400,,Leo Tsimpikas Real Estate - West End,-27.48971237,153.02656231,,850,,,, 2,,,,,,yes,,,yes,,,,,,,,,,yes,,, 1,,,,yes,, 2,,,,,,,,,,,,,
44,https://www.realestate.com.au/property-house-qld-new+farm-431318410,"149 Heal Street, New Farm, Qld 4005",4.0,2.0,2.0,,House,$850 per week,3400,,Image Property - Brisbane Southside,-27.46127395,153.04433352,,850,,,,,,,,,,,,,,,,1.0,,,,,,,,,,,,,,,,,,,,,,,,,,,,,
45,https://www.realestate.com.au/property-house-qld-highgate+hill-431297418,"2/15 Blakeney Street, Highgate Hill, Qld 4101",1.0,2.0,,,House,$185 per week,740,,Leo Tsimpikas Real Estate - West End,-27.484437,153.01737434,,185,,,,,,,,,,,,,,,,1.0,,,,,,,,,,,,,,,,,,,,,,,,,,,,,
46,https://www.realestate.com.au/property-house-qld-kangaroo+point-431294958,"19 Salstone, Kangaroo Point, Qld 4169",3.0,2.0,3.0,,House,$630.00 per week,2520,,Living Here Cush Partners - TENERIFFE,-27.47909043,153.04009786,,630,,,,,,,,,,,,,,,,1.0,,,,,,,,,,,,,,,,,,,,,,,,,,,,,
47,https://www.realestate.com.au/property-house-qld-new+farm-431294922,"934 Brunswick Street, New Farm, Qld 4005",3.0,1.0,3.0,,House,$800 per week,3200,,Living Here Cush Partners - TENERIFFE,-27.46817175,153.04793201,,800,,,,,,,,,,,,,,,,1.0,,,,,,,,,,,,,,,,,,,,,,,,,,,,,
48,https://www.realestate.com.au/property-house-qld-new+farm-427090030,"6/497 Bowen Terrace, New Farm, Qld 4005",2.0,1.0,,,House,$440 per week,1760,,Bell Estate Agents,-27.46782545,153.0445026,,440,,,yes,,,,yes,,,yes,,,yes,,,,,,,,,,yes,,,,,,,,,,yes,,,,,,,,,,,,
49,https://www.realestate.com.au/property-house-qld-new+farm-431288026,"16 Hickey Street, New Farm, Qld 4005",3.0,2.0,2.0,,House,$900 per week,3600,,Graczyk Thompson - NEWSTEAD,-27.46592411,153.04638146,,900,,,,,,,yes,,,yes,yes,,yes,,,,yes,,,,,,yes,,,,,,,yes,,,,,,,,,, 2,,,,,
50,https://www.realestate.com.au/property-house-qld-spring+hill-431285642,"48 Rogers Street, Spring Hill, Qld 4000",3.0,2.0,2.0,,House,$750 per week,3000,,SPACE Property - Paddington,-27.45806011,153.02643274,,750,,,yes,,,,yes,,,,,yes,yes,,,,,,,,,yes,yes,,,,,,,yes,,,yes,,,,,,, 2,yes,,yes,,
51,https://www.realestate.com.au/property-house-qld-petrie+terrace-431166086,"66 Princess Street, Petrie Terrace, Qld 4000",3.0,2.0,2.0,,House,$720.00 Per Week,2880,,Place - New Farm,-27.46199889,153.01290444,,720,,yes,yes,,,,,,,,,,yes,,,,,,,,,,yes,,,,,,,yes,,,,,,,,,, 2,,,,,
52,https://www.realestate.com.au/property-house-qld-new+farm-428076206,"33 Annie Street, New Farm, Qld 4005",4.0,2.0,2.0,,House,$1750 per week,7000,,Living Here Cush Partners - TENERIFFE,-27.46407618,153.04347453,,1750,,,yes,,yes,,yes,,,,,,yes,,,,,,,,yes,,yes,,,,,,,,,,,,,,,,, 2,,,yes,,
53,https://www.realestate.com.au/property-house-qld-south+brisbane-431269866,"5 Crown Street, South Brisbane, Qld 4101",4.0,1.0,2.0,,House,$880,3520,,YSH Property - WOOLLOONGABBA,-27.48845879,153.02734489,,880,,,, 1,,,yes,yes,,,,,yes,,,,,,,,yes,,,,,,,, 2,yes,, 2,,,,,,,,,,,yes,,yes
54,https://www.realestate.com.au/property-house-qld-west+end-431263918,"9 Paris Street, West End, Qld 4101",4.0,2.0,2.0,,House,$900.00,3600,,LLOYD ESTATE AGENTS - Main Beach,-27.48111455,153.00770534,253.0,900,,,,,,,,,,,,,,,,1.0,,,,,,,,,,,,,,,,,,,,,,,,,,,,,
55,https://www.realestate.com.au/property-house-qld-west+end-431019442,"7B Doris Street, West End, Qld 4101",3.0,2.0,,,House,$700 per week,2800,,Ray White - South Brisbane,-27.48748537,153.00644440000002,,700,,,,,,,,,,,,,,,,1.0,,,,,,,,,,,,,,,,,,,,,,,,,,,,,
56,https://www.realestate.com.au/property-house-qld-new+farm-431258302,"5/127 Terrace Street, New Farm, Qld 4005",3.0,2.0,1.0,,House,$625 Per Week,2500,,Place - New Farm,-27.46104988,153.0431155,,625,,yes,,,,,,,,yes,,,yes,,,,,,,,,,yes,,,,,,,yes,,,yes,,,,,,, 1,,,,,yes
57,https://www.realestate.com.au/property-house-qld-west+end-431140466,"65 Vulture Street, West End, Qld 4101",4.0,2.0,4.0,,House,$750 per week,3000,,Ray White - West End,-27.48094761,153.01031179,,750,,,,,,,,,,,,,,,,1.0,,,,,,,,,,,,,,,,,,,,,,,,,,,,,
58,https://www.realestate.com.au/property-house-qld-fortitude+valley-431335986,"223/83 Robertson Street, Fortitude Valley, Qld 4006",2.0,2.0,1.0,,House,$450 per week,1800,,,-27.459148600000002,153.03883380000002,,450,,,,,,,,,,,,,,,,1.0,,,,,,,,,,,,,,,,,,,,,,,,,,,,,
59,https://www.realestate.com.au/property-house-qld-west+end-431328394,"33 Skinner Street, West End, Qld 4101",3.0,1.0,,,House,$800.00 per week,3200,,,-27.48139679,153.00533188,,800,,,yes, 2,,,yes,,,,,,yes,,,,,,,,,,,,,,,,,yes,,,,,,,,,yes,,,,,,
60,https://www.realestate.com.au/property-house-qld-west+end-431324822,"28 Loch Street, West End, Qld 4101",6.0,5.0,4.0,,House,$1400,5600,,,-27.48614645,153.00801513,607.0,1400,,,, 1,yes,,,,,,,,yes,,,,,,, 607m²,,,,,, 1,,, 1,,,,,,,,,,, 4,,,yes,,
61,https://www.realestate.com.au/property-house-qld-kangaroo+point-404647154,"151 Baines Street, Kangaroo Point, Qld 4169",3.0,1.0,2.0,,House,$650 per week,2600,,,-27.48190577,153.03987665,,650,,,,,,,,,,,,,yes,,,,,,yes,,,,yes,,,,,, 1,,,,,,,,,,, 2,,,yes,,
62,https://www.realestate.com.au/property-house-qld-highgate+hill-431293310,"14 Baynes Street, Highgate Hill, Qld 4101",4.0,2.0,3.0,,House,$770 per week,3080,,,-27.48545756,153.01532961,,770,,,yes,,,,yes,,,,,,yes,,,,,,,,,,yes,,,,,,,yes,,,,,,,, 3,,,,,,,
63,https://www.realestate.com.au/property-other-qld-highgate+hill-431244778,"1B/12 Sexton Street, Highgate Hill, Qld 4101",1.0,1.0,,,Other,$150 p/w,600,,,-27.48228409,153.01724835,,150,,,,,,,,,,,,,,,,1.0,,,,,,,,,,,,,,,,,,,,,,,,,,,,,
64,https://www.realestate.com.au/property-house-qld-highgate+hill-431158850,"6A Sankey Street, Highgate Hill, Qld 4101",4.0,2.0,2.0,,House,$900 per week,3600,,,-27.48788749,153.01363523,713.0,900,,yes,, 3,,,yes,,,,,,yes,,,,,,,,,,,yes,, 1,,, 1,yes,,,yes,,,,,,, 2,,,,,
65,https://www.realestate.com.au/property-house-qld-spring+hill-431151886,"6D/119 Leichhardt Street, Spring Hill, Qld 4000",2.0,1.0,1.0,,House,$350 per week,1400,,,-27.46289024,153.02476429,,350,,,,,,,,,,,,,,,,1.0,,,,,,,,,,,,,,,,,,,,,,,,,,,,,
66,https://www.realestate.com.au/property-house-qld-highgate+hill-431137878,"122 Gladstone Road, Highgate Hill, Qld 4101",5.0,4.0,,,House,$950 per week,3800,,,-27.49060155,153.01936231,,950,,,yes,,,,yes,,,,,,yes,,,,,,,,,,yes,,,,,,,yes,,,yes,,,,,,,,yes,,,,
67,https://www.realestate.com.au/property-house-qld-west+end-431134158,"8/447 Montague Road, West End, Qld 4101",1.0,1.0,,,House,$320 per week,1280,,,-27.48766441,153.00017709,,320,,,,,,,,,,,,,,,,1.0,,,,,,,,,,,,,,,,,,,,,,,,,,,,,
68,https://www.realestate.com.au/property-house-qld-west+end-404752943,"24 Granville Street, West End, Qld 4101",3.0,1.0,2.0,,House,$550 per week,2200,,,-27.483463,153.01039699999998,,550,,,,,,,,,,,,,,,,1.0,,,,,,,,,,,,,,,,,,,,,,,,,,,,,
69,https://www.realestate.com.au/property-house-qld-highgate+hill-419082774,"18A Franklin Street, Highgate Hill, Qld 4101",2.0,1.0,1.0,,House,$440 per week,1760,,,-27.48207735,153.01421555,,440,,,,,,,,,,,,,,,,1.0,,,,,,,,,,,,,,,,,,,,,,,,,,,,,
70,https://www.realestate.com.au/property-house-qld-new+farm-431230354,"29 Villiers St, New Farm, Qld 4005",4.0,1.0,1.0,,House,$595 per week,2380,,,-27.46535819,153.04611275,,595,,,yes, 1,,,,yes,,yes,,,yes,yes,,,,,,,,yes,yes,,,,,,,yes,, 1,yes,,,,,,,,,yes,yes,yes,yes
71,https://www.realestate.com.au/property-house-qld-spring+hill-431113594,"34 Hill Street, Spring Hill, Qld 4000",3.0,2.0,4.0,,House,$725 per week,2900,,,-27.45573609,153.02780315,,725,,,,,yes,,,yes,,yes,,,yes,,,,yes,,,,,,,,,,,, 2,yes,,,yes,,,yes,, 2,, 2,,,yes,yes,
72,https://www.realestate.com.au/property-house-qld-new+farm-431355562,"3 Hopetoun Way, New Farm, Qld 4005",4.0,2.0,2.0,,House,$1600 per week,6400,,,-27.46707964,153.05176834,,1600,yes,,yes, 3,,,,yes,yes,,,,yes,,,,yes,,,,,,yes,yes,, 1,yes,,,yes,,,yes,,,,,,, 2,,,,,
73,https://www.realestate.com.au/property-house-qld-spring+hill-431314146,"11/73 Kennigo Street, Spring Hill, Qld 4000",1.0,1.0,1.0,,House,$175 per week,700,,,-27.45574213,153.02939763,,175,,yes,yes,,,,yes,,,yes,,,yes,,,,,,,,,,,,,,,,,,,,,,,,, 1,,,yes,,,yes,yes
74,https://www.realestate.com.au/property-house-qld-petrie+terrace-431074698,"44 Judge Street, Petrie Terrace, Qld 4000",3.0,2.0,2.0,,House,$620.00 per week pw,,,,-27.46468222,153.01176492,,620,,,, 2,,,,,,,,,yes,,,,,,,,,,yes,,, 1,,, 1,yes,, 1,yes,,,,, 1,,,,,yes,,
75,https://www.realestate.com.au/property-house-qld-spring+hill-431302570,"37B Wedd Street, Spring Hill, Qld 4000",6.0,3.0,2.0,,House,$850 per week,3400,,,-27.45927924,153.02273669,,850,,,, 1,yes,yes,yes,yes,,yes,,yes,yes,,,,,,,,,yes,,,yes, 1,,,,yes,,,yes,,,,, 1,, 1,yes,yes,yes,yes,
76,https://www.realestate.com.au/property-house-qld-new+farm-431043386,"3/229 Moray Street, New Farm, Qld 4005",1.0,1.0,1.0,,House,Now $295 Weekly,1180,,,-27.472468,153.04541651,,295,,,,,,,,,,,,,,,,1.0,,,,,,,,,,,,,,,,,,,,,,,,,,,,,
77,https://www.realestate.com.au/property-duplex+semi-detached-qld-petrie+terrace-429712362,"20 Judge Street, Petrie Terrace, Qld 4000",3.0,2.0,,,Duplex/Semi-detached,$660 per week,2640,,,-27.46477626,153.01236656,228.0,660,yes,,yes,,,,yes,,,,,,yes,,,,,,, 228m²,,,yes,,,,,,,,,,yes, Low (0),,,,,yes,,,,,,
78,https://www.realestate.com.au/property-duplex+semi-detached-qld-brisbane+city-431009954,"1906/111 Mary Street, Brisbane City, Qld 4000",1.0,1.0,,,Duplex/Semi-detached,$425/wk One Bedroom Apartment,,,,-27.47143584,153.02864815,,425,,,yes,,,,,yes,,,,,yes,,yes,,,,,,yes,yes,yes,,,,,,,yes,yes,,yes,,,,,,,,,yes,,,
79,https://www.realestate.com.au/property-house-qld-new+farm-431216806,"10/16 Lamington Street, New Farm, Qld 4005",3.0,2.0,1.0,,House,$600 per week,2400,,,-27.46415856,153.04976058,,600,,,yes,,,,,,,,,,yes,yes,yes,,,,,,yes,,yes,,, 1,,,,yes,,,yes,,,,,,, 1,,,,,
80,https://www.realestate.com.au/property-house-qld-spring+hill-431210578,"2/37 wedd street, Spring Hill, Qld 4000",6.0,3.0,2.0,,House,$850 per week,3400,,,-27.45927924,153.02273669,,850,,yes,, 1,yes,yes,yes,yes,,yes,,,yes,,,,,,,,,yes,,,yes, 1,,,,yes,,,yes,,,,, 1,, 1,yes,yes,yes,yes,
81,https://www.realestate.com.au/property-house-qld-west+end-429220222,"6/21 Princhester Street, West End, Qld 4101",6.0,2.0,,,House,$190 per week,760,,,-27.48167792,153.01026483,,190,,,,,,,,,,,,,,,,1.0,,,,,,,,,,,,,,,,,,,,,,,,,,,,,
82,https://www.realestate.com.au/property-house-qld-fortitude+valley-431192922,"22 Arthur Street, Fortitude Valley, Qld 4006",1.0,1.0,1.0,,House,$475 per week,1900,,,-27.46017258,153.0382361,,475,yes,,yes,,yes,,,,,,,,yes,,yes,,yes,,,,yes,,yes,,,,,,,,,,yes,,,,,,, 1,,,,,
83,https://www.realestate.com.au/property-house-qld-west+end-426599738,"3/24 Crowther St, West End, Qld 4101",1.0,1.0,,,House,Short Term Leases Available enquire today!,640,,,-27.484081,153.005924,,,,,,,,,,,,,,,,,,1.0,,,,,,,,,,,,,,,,,,,,,,,,,,,,,
84,https://www.realestate.com.au/property-house-qld-new+farm-430912506,"35 Abbott Street, New Farm, Qld 4005",4.0,2.0,4.0,,House,Leased by Caleb Reis!,4800,,,-27.47049884,153.04488940000002,,,,,,,,,,,,,,,,,,1.0,,,,,,,,,,,,,,,,,,,,,,,,,,,,,
85,https://www.realestate.com.au/property-house-qld-south+brisbane-430908642,"18 Dorchester Street, South Brisbane, Qld 4101",3.0,2.0,2.0,,House,Leased by Caleb Reis!,4000,,,-27.48289696,153.02057395,422.0,,,,,,,,,,,,,,,,,1.0,,,,,,,,,,,,,,,,,,,,,,,,,,,,,
86,https://www.realestate.com.au/property-house-qld-new+farm-426244486,"132 Annie Street, New Farm, Qld 4005",3.0,2.0,2.0,247.0,House,$895 per week,3580,,,-27.462046,153.044751,247.0,895,,,,,,,,,,,,,,,,1.0,,,,,,,,,,,,,,,,,,,,,,,,,,,,,
87,https://www.realestate.com.au/property-house-qld-south+brisbane-431129202,"32 Stephens Road, South Brisbane, Qld 4101",4.0,1.0,1.0,,House,$600 / Wk,2400,,,-27.48473175,153.02338919,,600,,,,,,,,,,,,,,,,1.0,,,,,,,,,,,,,,,,,,,,,,,,,,,,,
88,https://www.realestate.com.au/property-duplex+semi-detached-qld-new+farm-431087466,"1/911 Brunswick Street, New Farm, Qld 4005",3.0,1.0,3.0,,Duplex/Semi-detached,$570.00 pw - location location location,2280,,,-27.46812425,153.04685368,,570,,,,,,,yes,,,,,,yes,,,,,,,,,,,,,,,,,yes,,,,,,,, 3,,,,,yes,yes,
89,https://www.realestate.com.au/property-house-qld-spring+hill-429244706,"73 Kennigo Street, Spring Hill, Qld 4000",1.0,1.0,,,House,$175 with 1 WEEK RENT FREE -PREMIUM ACCOMMODATION,700,,,-27.45574213,153.02939763,,175,,,yes,,,,yes,yes,,yes,,,yes,,,,,,,,,,,,,,,,,yes,,,yes,,,,,,,,yes,yes,,yes,
90,https://www.realestate.com.au/property-house-qld-spring+hill-417310338,"32 Twine Street, Spring Hill, Qld 4000",5.0,2.0,2.0,,House,$900 per week,3600,,,-27.463151,153.021936,,900,,,yes, 2,yes,,yes,,,,,,yes,,,,,,,,,,yes,,,,,,,,,,,,,,,,, 2,,,,,
91,https://www.realestate.com.au/property-house-qld-petrie+terrace-428128346,"5/60 Princess Street, Petrie Terrace, Qld 4000",1.0,2.0,,,House,$160 per week,640,,,-27.46202375,153.01306336,,160,,,,,,,,,,,,,,,,1.0,,,,,,,,,,,,,,,,,,,,,,,,,,,,,
